codon,protein1,protein3,codon_counts,protein_counts
CTT,L,Leu,163059,1626477
ATG,M,Met,417110,417110
ACA,T,Thr,221655,1088276
ACG,T,Thr,275380,1088276
ATC,I,Ile,409518,896047
ATA,I,Ile,178174,896047
AGG,R,Arg,114443,1020131
CCT,P,Pro,140510,1066337
AGC,S,Ser,388694,1599800
AGA,R,Arg,97183,1020131
ATT,I,Ile,308355,896047
CTG,L,Leu,682128,1626477
CTA,L,Leu,151396,1626477
CTC,L,Leu,247785,1626477
CCG,P,Pro,306728,1066337
AGT,S,Ser,226131,1599800
CCA,P,Pro,277361,1066337
CCC,P,Pro,341738,1066337
TAT,Y,Tyr,201754,527016
GGT,G,Gly,253601,1166433
CGA,R,Arg,160243,1020131
CGC,R,Arg,331033,1020131
CGG,R,Arg,149746,1020131
GGG,G,Gly,85732,1166433
GGA,G,Gly,337601,1166433
GGC,G,Gly,489499,1166433
TAC,Y,Tyr,325262,527016
CGT,R,Arg,167483,1020131
GTA,V,Val,123102,1091950
GTC,V,Val,252495,1091950
GTG,V,Val,502825,1091950
GAG,E,Glu,795067,1213203
GTT,V,Val,213528,1091950
GAC,D,Asp,445778,969018
AAG,K,Lys,714756,1025562
AAA,K,Lys,310806,1025562
AAC,N,Asn,479717,884086
ACT,T,Thr,190182,1088276
CAT,H,His,200941,491707
AAT,N,Asn,404369,884086
CAC,H,His,290766,491707
CAA,Q,Gln,312834,1004843
CAG,Q,Gln,692009,1004843
TGT,C,Cys,110715,357878
TCT,S,Ser,138130,1599800
GAT,D,Asp,523240,969018
TTT,F,Phe,236257,618450
TGC,C,Cys,247163,357878
TGG,W,Trp,173254,173254
TTC,F,Phe,382193,618450
TCG,S,Ser,322531,1599800
TTA,L,Leu,86813,1626477
TTG,L,Leu,295296,1626477
TCC,S,Ser,364928,1599800
GAA,E,Glu,418136,1213203
TCA,S,Ser,159386,1599800
GCA,A,Ala,246462,1389187
GCC,A,Ala,611374,1389187
GCG,A,Ala,260996,1389187
GCT,A,Ala,270355,1389187
ACC,T,Thr,401059,1088276
TAA,*,STOP,12180,30138
TAG,*,STOP,9965,30138
TGA,*,STOP,7993,30138
