Triplet,Amino acid,Fraction,Frequency/ Thousand,Number,codon,protein1,protein3,codon_counts,protein_counts,protein1_counts,codon_frequency,Fraction_self_count,Frequency_self_count/ Thousand
AAA,K,0.29,16.5,304266,AAA,K,Lys,310806,1025562,1025562,0.016659035,0.303059201,16.659035
AAC,N,0.56,26.3,483430,AAC,N,Asn,479717,884086,884086,0.025712574,0.542613501,25.71257405
AAG,K,0.71,39.6,729428,AAG,K,Lys,714756,1025562,1025562,0.038310538,0.696940799,38.31053846
AAT,N,0.44,21,385441,AAT,N,Asn,404369,884086,884086,0.021673962,0.457386499,21.67396164
ACA,T,0.19,10.9,201178,ACA,T,Thr,221655,1088276,1088276,0.011880589,0.203675354,11.88058918
ACC,T,0.38,21.4,393516,ACC,T,Thr,401059,1088276,1088276,0.021496547,0.368526918,21.49654742
ACG,T,0.26,14.5,267095,ACG,T,Thr,275380,1088276,1088276,0.01476022,0.253042427,14.76022039
ACT,T,0.17,9.5,175261,ACT,T,Thr,190182,1088276,1088276,0.010193653,0.174755301,10.19365326
AGA,R,0.09,5.1,93738,AGA,R,Arg,97183,1020131,1020131,0.005208957,0.095265216,5.208956706
AGC,S,0.25,20.5,377750,AGC,S,Ser,388694,1599800,1599800,0.02083379,0.242964121,20.83379005
AGG,R,0.11,6.3,115430,AGG,R,Arg,114443,1020131,1020131,0.006134083,0.112184612,6.134083454
AGT,S,0.14,11.5,211452,AGT,S,Ser,226131,1599800,1599800,0.0121205,0.141349544,12.12050039
ATA,I,0.19,9.3,171610,ATA,I,Ile,178174,896047,896047,0.009550031,0.19884448,9.550030892
ATC,I,0.47,22.9,421851,ATC,I,Ile,409518,896047,896047,0.021949945,0.457027366,21.94994528
ATG,M,1,23.5,431822,ATG,M,Met,417110,417110,417110,0.022356872,1,22.35687241
ATT,I,0.34,16.4,302063,ATT,I,Ile,308355,896047,896047,0.016527663,0.344128154,16.52766271
CAA,Q,0.3,15.6,287398,CAA,Q,Gln,312834,1004843,1004843,0.016767735,0.311326247,16.76773471
CAC,H,0.6,16,294555,CAC,H,His,290766,491707,491707,0.015584902,0.591339965,15.58490174
CAG,Q,0.7,36.7,674575,CAG,Q,Gln,692009,1004843,1004843,0.037091311,0.688673753,37.09131146
CAT,H,0.4,10.5,194039,CAT,H,His,200941,491707,491707,0.01077033,0.408660035,10.77032989
CCA,P,0.25,13.5,248604,CCA,P,Pro,277361,1066337,1066337,0.014866401,0.260106327,14.86640092
CCC,P,0.33,18,331799,CCC,P,Pro,341738,1066337,1066337,0.018316974,0.320478423,18.31697362
CCG,P,0.29,16,293998,CCG,P,Pro,306728,1066337,1066337,0.016440456,0.287646401,16.44045638
CCT,P,0.13,6.9,127584,CCT,P,Pro,140510,1066337,1066337,0.007531261,0.13176885,7.531260681
CGA,R,0.15,8.5,155637,CGA,R,Arg,160243,1020131,1020131,0.008588939,0.157080806,8.588938904
CGC,R,0.33,18.2,334733,CGC,R,Arg,331033,1020131,1020131,0.017743191,0.324500481,17.74319135
CGG,R,0.15,8.2,151728,CGG,R,Arg,149746,1020131,1020131,0.008026305,0.146790951,8.026305331
CGT,R,0.16,8.8,161800,CGT,R,Arg,167483,1020131,1020131,0.008976999,0.164177934,8.976999023
CTA,L,0.09,8.2,150674,CTA,L,Leu,151396,1626477,1626477,0.008114744,0.093082165,8.114744446
CTC,L,0.15,13.9,255170,CTC,L,Leu,247785,1626477,1626477,0.013281143,0.152344607,13.28114318
CTG,L,0.43,38.5,709057,CTG,L,Leu,682128,1626477,1626477,0.036561695,0.419389884,36.56169515
CTT,L,0.1,8.9,164079,CTT,L,Leu,163059,1626477,1626477,0.008739875,0.100252878,8.739874994
GAA,E,0.33,20.9,383850,GAA,E,Glu,418136,1213203,1213203,0.022411865,0.344654604,22.41186546
GAC,D,0.47,24.7,454677,GAC,D,Asp,445778,969018,969018,0.023893462,0.46003067,23.89346185
GAG,E,0.67,42.9,789807,GAG,E,Glu,795067,1213203,1213203,0.042615165,0.655345396,42.61516501
GAT,D,0.53,27.4,504880,GAT,D,Asp,523240,969018,969018,0.028045384,0.53996933,28.04538352
GCA,A,0.17,12.7,234549,GCA,A,Ala,246462,1389187,1389187,0.013210231,0.17741456,13.21023109
GCC,A,0.45,33.7,620889,GCC,A,Ala,611374,1389187,1389187,0.032769319,0.440094818,32.76931868
GCG,A,0.19,14.1,259119,GCG,A,Ala,260996,1389187,1389187,0.013989246,0.187876794,13.9892457
GCT,A,0.19,14.4,265295,GCT,A,Ala,270355,1389187,1389187,0.014490883,0.194613828,14.49088308
GGA,G,0.29,17.8,326983,GGA,G,Gly,337601,1166433,1166433,0.018095233,0.289430254,18.09523263
GGC,G,0.43,26.8,492283,GGC,G,Gly,489499,1166433,1166433,0.026236884,0.419654622,26.23688401
GGG,G,0.07,4.6,85472,GGG,G,Gly,85732,1166433,1166433,0.004595189,0.073499292,4.595189244
GGT,G,0.21,13.2,243460,GGT,G,Gly,253601,1166433,1166433,0.013592878,0.217415831,13.59287766
GTA,V,0.11,6.3,116035,GTA,V,Val,123102,1091950,1091950,0.006598201,0.112735931,6.598201213
GTC,V,0.24,13.9,254974,GTC,V,Val,252495,1091950,1091950,0.013533597,0.231233115,13.53359665
GTG,V,0.47,28,514471,GTG,V,Val,502825,1091950,1091950,0.02695115,0.460483539,26.95115047
GTT,V,0.18,10.9,200189,GTT,V,Val,213528,1091950,1091950,0.011444986,0.195547415,11.44498634
TAA,*,0.42,0.8,14550,TAA,*,STOP,12180,30138,30138,0.000652841,0.404140952,0.652841471
TAC,Y,0.63,18.4,338493,TAC,Y,Tyr,325262,527016,527016,0.017433869,0.617176708,17.43386885
TAG,*,0.32,0.6,11721,TAG,*,STOP,9965,30138,30138,0.000534119,0.330645696,0.534118658
TAT,Y,0.37,10.7,196987,TAT,Y,Tyr,201754,527016,527016,0.010813906,0.382823292,10.81390625
TCA,S,0.09,7.8,142775,TCA,S,Ser,159386,1599800,1599800,0.008543004,0.099628704,8.543004163
TCC,S,0.24,19.5,359352,TCC,S,Ser,364928,1599800,1599800,0.019559945,0.228108514,19.55994518
TCG,S,0.2,16.7,307642,TCG,S,Ser,322531,1599800,1599800,0.017287489,0.201607076,17.28748871
TCT,S,0.08,6.9,127758,TCT,S,Ser,138130,1599800,1599800,0.007403694,0.086342043,7.403693957
TGA,*,0.26,0.5,9358,TGA,*,STOP,7993,30138,30138,0.000428421,0.265213352,0.428420515
TGC,C,0.71,13.1,241823,TGC,C,Cys,247163,357878,357878,0.013247804,0.690634797,13.24780431
TGG,W,1,9.8,181191,TGG,W,Trp,173254,173254,173254,0.009286322,1,9.286321529
TGT,C,0.29,5.3,98056,TGT,C,Cys,110715,357878,357878,0.005934265,0.309365203,5.934264653
TTA,L,0.05,4.4,80654,TTA,L,Leu,86813,1626477,1626477,0.00465313,0.053374871,4.653130265
TTC,F,0.63,21.9,402987,TTC,F,Phe,382193,618450,618450,0.02048534,0.617985286,20.48533993
TTG,L,0.18,16,294929,TTG,L,Leu,295296,1626477,1626477,0.015827707,0.181555595,15.82770731
TTT,F,0.37,13.1,241160,TTT,F,Phe,236257,618450,618450,0.012663249,0.382014714,12.66324856
